name,newlabel
interviews,
book,nonfiction
book,fiction
review,nonfiction
art,film
art,photography
fiction,fiction
prose,fiction
prose,nonfiction
literary,fiction
short-story,fiction
video,film
submishmash,fiction
nonfiction,nonfiction
memoir,nonfiction
essay,nonfiction
stories,fiction
travel,
visual-art,photography
creative-writing,poetry
creative-writing,fiction
scripts,fiction
scripts,film
contest,NA
theme,NA
publishing,fiction
publishing,nonfiction
publishing,poetry
manuscript,fiction
science-fiction,fiction
drawing,
painting,
photography,photography
nonprofit,
chapbook,fiction
lyrics,poetry
critique,nonfiction
sculpture,
classes,
experimental,
blog,nonfiction
for-sale,
monologue,fiction
design,
sports,
podcast,
academic,grant
television,film
sound,
collaborative,
international,
graphic-novel,fiction
article,nonfiction
short-play,fiction
theater,
erotica,fiction
job,grant
science,grant
criticism,nonfiction
hybrid,
dance,
student,grant
exhibition,
philosophy,nonfiction
military,
grant,grant
native-american,
children,
column,nonfiction
health,
politics,
culture,
social-justice,
volunteer,
animation,
speculative,fiction
subscribe,
print,
festival,
multilingual,
comedy,
humor,
conference,
retreat,
environmental,
scholarships,grant
public-art,
cover-art,
independent,
workspace,
art-fair,
african-american,
paranormal,
juried,
season,
asian-american,
alcohol,
fashion,
midwest,
VR/360,film
female,
VR,film
public-media,
civil-rights,
mental-health,
journal,nonfiction
poetry,poetry
magazine,nonfiction
magazine,fiction
magazine,poetry
anthology,fiction
writing,fiction
writing,nonfiction
writing,poetry
flash,fiction
feedback,
short-film,film
screenwriting,fiction
screenwriting,film
feminist,
young-adult,
novel,fiction
agent,
online,
magical-realism,
translation,
adventure,
award,
residency,grant
plays,
haiku,
community,
business,
funding,grant
editor,
digital,
book-arts,
journalism,nonfiction
audio,
surrealist,
documentary,film
film,film
mystery,
technology,
comics,nonfiction
pitch,
illustration,
religion,
fellowship,grant
performance,
prize,
romance,
horror,
education,
lgbtqia,
fantasy,
food,
architecture,
spoken-word,
indigenous,
readings,poetry
readings,fiction
readings,nonfiction
media,film
music,
canada,
gallery,
mythology,
emerging,
event,
music-composition,
parenting,
minorities,
crafts,
printmaking,
workshop,
internship,grant
novella,
mentorship,grant
history,
ceramics,
museum,
orchestra,
new-york,
fiber-arts,
paper,
poster,
thriller,
360-Video,film
tequila,
service-learning,
